INSERT INTO employees (first_name, last_name, email, phone_number) VALUES
('Anna', 'Nowak', 'anna.nowak@email.com', '123456789'),
('Jan', 'Kowalski', 'kowalski.jan@email.com', '987654321'),
('Katarzyna', 'Wiśniewska', 'katarzyna.wisniewska@email.com', '234567890'),
('Michał', 'Nowakowski', 'michal.nowakowski@email.com', '345678901'),
('Katarzyna', 'Zielińska', 'zielinskak@email.com', '456789012'),
('Piotr', 'Szymański', 'piotr.szymanski@email.com', '567890123'),
('Magdalena', 'Lewandowska', 'magda.lewandowska@email.com', '678901234'),
('Marcin', 'Kaczmarek', 'kaczmarekmarcin@email.com', '789012345'),
('Ewa', 'Dąbrowska', 'ewa.dabrowska@email.com', '890123456'),
('Marek', 'Nowak', 'marek.nowak@email.com', '901234567'),
('Julia', 'Kamińska', 'julia.kaminska@email.com', '112233445'),
('Piotr', 'Pawlak', 'piotr.pawlak@email.com', '223344556'),
('Zofia', 'Kozłowska', 'zofia.kozlowska@email.com', '334455667'),
('Krzysztof', 'Bąk', 'krzysztof.bak@email.com', '445566778'),
('Weronika', 'Stępień', 'weronika.stepien@email.com', '556677889'),
('Szymon', 'Sikora', 'szymon.sikora@email.com', '667788990');


INSERT INTO shifts (shift_type, start_time, end_time) VALUES
('FULL_DAY', '08:00', '23:00'),
('MORNING_SHIFT', '08:00', '17:00'),
('EVENING_SHIFT', '15:00:00', '23:00'),
('OFF', '00:00', '00:00');

INSERT INTO availabilities (employee_id, shift_id, date) VALUES
(1, 2, '2025-01-03'),
(2, 4, '2025-01-03'),
(3, 3, '2025-01-03'),
(4, 3, '2025-01-03'),
(5, 1, '2025-01-03'),
(6, 2, '2025-01-03'),
(7, 3, '2025-01-03'),
(8, 4, '2025-01-03'),
(9, 1, '2025-01-03'),
(10, 2, '2025-01-03'),
(11, 3, '2025-01-03'),
(12, 4, '2025-01-03'),
(13, 1, '2025-01-03'),
(14, 2, '2025-01-03'),
(15, 3, '2025-01-03'),
(16, 4, '2025-01-03'),
(1, 3, '2025-01-04'),
(2, 3, '2025-01-04'),
(3, 1, '2025-01-04'),
(4, 1, '2025-01-04'),
(5, 1, '2025-01-04'),
(6, 4, '2025-01-04'),
(7, 1, '2025-01-04'),
(8, 1, '2025-01-04'),
(9, 2, '2025-01-04'),
(10, 3, '2025-01-04'),
(11, 4, '2025-01-04'),
(12, 1, '2025-01-04'),
(13, 1, '2025-01-04'),
(14, 3, '2025-01-04'),
(15, 2, '2025-01-04'),
(16, 2, '2025-01-04'),
(1, 1, '2025-01-05'), 
(2, 3, '2025-01-05'),
(3, 1, '2025-01-05'),
(4, 2, '2025-01-05'),
(5, 2, '2025-01-05'),
(6, 2, '2025-01-05'),
(7, 1, '2025-01-05'),
(8, 1, '2025-01-05'),
(9, 2, '2025-01-05'),
(10, 3, '2025-01-05'),
(11, 4, '2025-01-05'),
(12, 4, '2025-01-05'),
(13, 2, '2025-01-05'),
(14, 3, '2025-01-05'),
(15, 3, '2025-01-05'),
(16, 1, '2025-01-05');


INSERT INTO schedule (employee_id, date, position_type, start_time, end_time) VALUES
(1, '2025-01-03', 'USHERING', '09:00:00', '14:00:00'),
(9, '2025-01-03', 'USHERING', '14:00:00', '19:00:00'),
(3, '2025-01-03', 'USHERING', '19:00:00', '23:00:00'),
(14, '2025-01-03', 'BAR', '09:30:00', '15:45:00'),
(5, '2025-01-03', 'BAR', '15:30:00', '22:00:00'),
(6, '2025-01-03', 'GROUPS', '09:00:00', '13:00:00'),
(7, '2025-01-04', 'USHERING', '09:00:00', '14:00:00'),
(8, '2025-01-04', 'USHERING', '14:00:00', '19:00:00'),
(12, '2025-01-04', 'USHERING', '19:00:00', '23:00:00'),
(16, '2025-01-04', 'BAR', '09:30:00', '15:45:00'),
(4, '2025-01-04', 'BAR', '15:30:00', '22:00:00'),
(13, '2025-01-04', 'GROUPS', '09:00:00', '13:00:00'),
(15, '2025-01-04', 'DELIVERY', '08:00:00', '12:30:00');
